"DocCat","DocSoort","Pad","Filenaam","Referentie","Datum"
"Belastingen","Brief","Belastingen\2016\BEL-BevestigingAutomatischeIncasso(02-11-2016).pdf","BEL-BevestigingAutomatischeIncasso(02-11-2016)","Machtiging automatische incasso","2016-11-02"
"Belastingen","Overzicht","Belastingen\2015\BEL-WetterskipFRL(2015)Aanslag.pdf","BEL-WetterskipFRL(2015)Aanslag","Overzicht aanslag - Automatische incasso","2015-04-30"
"BMN","Overzicht","BMN\2017\BMN(RealDrives)(groepsAnalyse)(27-1-2017).pdf","BMN(RealDrives)(groepsAnalyse)(27-1-2017)","RealDrives - Groepsanalyse projectgroep","2017-03-01"
"BMN","Overzicht","BMN\2014\BMN-BonusAfspraken2015.pdf","BMN-BonusAfspraken2015","Bonues afspraak 2015","2014-06-01"
"BMN","Overzicht","BMN\2017\BMN-RealDrives(Flyer)SturenOpTeamPatroon).pdf","BMN-RealDrives(Flyer)SturenOpTeamPatroon)","RealDrives team drijveren flyer","2017-03-01"
"BMN","Overzicht","BMN\2017\BMN-RealDrivesTest(27-1-2017)((UitslagOpHoofdlijnen).pdf","BMN-RealDrivesTest(27-1-2017)((UitslagOpHoofdlijnen)","Realdrives uitslag Geert","2017-01-11"
"BMN","Overzicht","BMN\2017\BMN-RealDrivesTest(27-1-2017)((UitslagUitwerking).pdf","BMN-RealDrivesTest(27-1-2017)((UitslagUitwerking)","Realdrives uitslag Geert","2017-01-11"
"Motor","Overzicht","Motor\2015\CB500Y(Tenaamstellingsverslag)(26-09-2015).pdf","CB500Y(Tenaamstellingsverslag)(26-09-2015)","Tenaamstelling MJ-FT-76","2015-09-26"
"BMN","Factuur","BMN\1996\COMP-FAK-NVBVermeulen(Deskjet400)(04-11-1996).pdf","COMP-FAK-NVBVermeulen(Deskjet400)(04-11-1996)","HP Deskjet 400 NVB Vermeulen","1996-11-04"
"Hardware","Garantie","Hardware\1996\COMP-Skiltronics-Bullet(25-07-1996).pdf","COMP-Skiltronics-Bullet(25-07-1996)","Skiltronics Bullet Pentium 133","1996-07-25"
"Familie","Brief","Familie\1995\DIV-BriefMammeComperTroubles(22-2-1995).pdf","DIV-BriefMammeComperTroubles(22-2-1995)","Mamme Computertroubles","1995-02-22"
"Geert","Nostalgie","Geert\1990\DIV-DelseyKofferVanWillyVoorSlagenHTS(23-6-1990).pdf","DIV-DelseyKofferVanWillyVoorSlagenHTS(23-6-1990)","Delsey koffer, cadeau van Willy (Fahner)","1990-06-23"
"Fokke","Bevestiging","Fokke\2016\DIV-Fokke-BoardingPass-Belfast(25-5-2016).pdf","DIV-Fokke-BoardingPass-Belfast(25-5-2016)","Berlijn Boarding Pass","2016-05-25"
"Hardware","Folder","Hardware\1998\DIV-Vobis-NVB-PCPrive(07-1998).pdf","DIV-Vobis-NVB-PCPrive(07-1998)","Vobis PC prive (NVB Vermeulen)","1998-07-01"
"Auto","Factuur","Auto\2017\Auto-YoyotaAygo(VerkoopNota)(9-8-2017).pdf","Auto-YoyotaAygo(VerkoopNota)(9-8-2017)","Toyota Aygo Fokke Verkoopnota","2017-08-09"
"Elektronica","Schema","Elektronica\1986\ELEK-(SchemaWekkerRadio)JanVanScorel(1-12-1986).pdf","ELEK-(SchemaWekkerRadio)JanVanScorel(1-12-1986)","Schema Wekker radio(Jan van Scorel)","1986-12-01"
"Elektronica","Overzicht","Elektronica\1980\ELEK-7DigitDisplay(31EWellicht).pdf","ELEK-7DigitDisplay(31EWellicht)","7 Digit Display (31E ?)","1980-01-01"
"Elektronica","Overzicht","Elektronica\1980\ELEK-Blokgolf-TEK545-(1-10-1980).pdf","ELEK-Blokgolf-TEK545-(1-10-1980)","Handelsonderneming Blokgolf Leiden (Tek 545)","1980-10-01"
"Belastingen","Bevestiging","Belastingen\2017\BEL-AanslagDEF2016(19-5-2017).pdf","BEL-AanslagDEF2016(19-5-2017)","Aanslag 2016 Geert","2017-05-19"
"BMN","Brief","BMN\2017\BMN(BonusDocument2017(25-5-2017).pdf","BMN(BonusDocument2017(25-5-2017)","Bonusdoelstellingen 2017","2017-06-01"
"BMN","Factuur","BMN\2017\BMN-(TweeLinden)(04-5-2017).pdf","BMN-(TweeLinden)(04-5-2017)","Declaratie Twee Linden","2017-05-04"
"BMN","Brief","BMN\2017\BMN-BerijdersOvereenkomstFordMondeo(4-1-2017).pdf","BMN-BerijdersOvereenkomstFordMondeo(4-1-2017)","Berijdersovereenkomst Mondeo SE","2017-01-04"
"BMN","Overzicht","BMN\2017\BMN-BonusAfspraak2017(25-5-2017).pdf","BMN-BonusAfspraak2017(25-5-2017)","Bonus doelstelling 2017","2017-05-25"
"BMN","Brief","BMN\2016\BMN-BonusDoc2016(06-2016).pdf","BMN-BonusDoc2016(06-2016)","Bonusdocument 2016","2016-06-01"
"BMN","Brief","BMN\2017\BMN-BonusDocument2016(Gerealiseerd).pdf","BMN-BonusDocument2016(Gerealiseerd)","Gerealiseerde bonus 2016","2017-03-01"
"BMN","Brief","BMN\2017\BMN-BrandstofPas(Mondeo)(18-3-17).pdf","BMN-BrandstofPas(Mondeo)(18-3-17)","Brandsofpas huur Mondeo","2017-02-10"
"Pensioen","Brief","Pensioen\2017\BMN-Pensioen(VerlagingPer(02-2017)).pdf","BMN-Pensioen(VerlagingPer(02-2017))","Geen verlaging Pensioen","2017-02-01"
"BMN","Brief","BMN\2012\BMN-SalarisVerhoging(23-1-2012)AJ.pdf","BMN-SalarisVerhoging(23-1-2012)AJ","Salarisverhoging","2012-01-23"
"Willy","Nostalgie","Willy\2015\DIV-NotesSinterklaasGedichten(12-2015)-Willy.pdf","DIV-NotesSinterklaasGedichten(12-2015)-Willy","Aantekeningen Sinterklaasgedicht","2015-12-01"
"Elektronica","Pakbon","Elektronica\2016\ELEK-Pakbon-Macrovision(OpenMV)(18-5-2016).pdf","ELEK-Pakbon-Macrovision(OpenMV)(18-5-2016)","OpenMV levering.","2016-05-18"
"Elektronica","Schema","Elektronica\2015\ELEK-RaspBerryPI-1(NASSwitch+RemoteControl)(2015).pdf","ELEK-RaspBerryPI-1(NASSwitch+RemoteControl)(2015)","Nas on/off vanaf Raspberry PI 1 via Pythonista","2015-05-01"
"Geert","Factuur","Geert\1991\FAK-Nowak-PostFiets(Tank)(2-11-1991).pdf","FAK-Nowak-PostFiets(Tank)(2-11-1991)","Nowak Postfiets (Tank)","1991-11-02"
"Verzekering","Overzicht","Verzekering\2016\FIN-(L30500215)(Ankondiging)(24-11-16).pdf","FIN-(L30500215)(Ankondiging)(24-11-16)","30500215 - Eindafrekening","2016-11-24"
"Verzekering","Brief","Verzekering\2017\FIN-(L30500215)(Uitbetaling)(16-03-2017).pdf","FIN-(L30500215)(Uitbetaling)(16-03-2017)","30500215 - Bevstiging uitbetaling levensverzekering","2017-03-16"
"Verzekering","Brief","Verzekering\2017\FIN-5150731-Resultaat+Berekening(2016)(03-2017).pdf","FIN-5150731-Resultaat+Berekening(2016)(03-2017)","5150731 - ASR - Waardeoverzicht spaarkasovereenkomst","2017-03-01"
"Verzekering","Overzicht","Verzekering\2017\FIN-Resultaat-5150731-(10-3-2017).pdf","FIN-Resultaat-5150731-(10-3-2017)","5150731 - Controleer waarde beleggingsverzekering","2017-03-10"
"Verzekering","Brief","Verzekering\2016\FIN-VanAXENTnaarArdanta(22-1-2016).pdf","FIN-VanAXENTnaarArdanta(22-1-2016)","van Axent naar Ardanta (ASR)","2016-10-22"
"Geert","Factuur","Geert\2016\GdH-FAK-MotorHurenMetFokke(18-8-2016).pdf","GdH-FAK-MotorHurenMetFokke(18-8-2016)","Motor huren voor tocht met Fokke","2016-08-18"
"Hypotheek","Overzicht","Hypotheek\2017\HYP-aflvrij(2990989)(18-5-17).pdf","HYP-aflvrij(2990989)(18-5-17)","Aflossingsvrij (2990989)","2017-05-18"
"Hypotheek","Overzicht","Hypotheek\2017\HYP-Overzicht(295505502)(1-5-2017).pdf","HYP-Overzicht(295505502)(1-5-2017)","2995505502 - Kleine spaarhypotheek","2017-05-18"
"Hypotheek","Overzicht","Hypotheek\2017\HYP-OverzichtHoofdSchuld(18-5-2017).pdf","HYP-OverzichtHoofdSchuld(18-5-2017)","295505501 - Hoofdschuld","2017-05-18"
"Belastingen","Factuur","Belastingen\2016\LG-Aanslag-WetterskipFryslan2016(1-3-2016).pdf","LG-Aanslag-WetterskipFryslan2016(1-3-2016)","Wetterskip Fryslan Aanslag Waterschapbelastingen 2016","2016-03-31"
"LG73","Factuur","LG73\2016\LG-FAK-Bloembergen(Schutting)(07-2016).pdf","LG-FAK-Bloembergen(Schutting)(07-2016)","Bloembergen - Schutting","2016-07-23"
"LG73","Factuur","LG73\2017\LG-FAK-Dennis(Oostkant)(5-5-2017).pdf","LG-FAK-Dennis(Oostkant)(5-5-2017)","Oostkant voegen ","2017-04-05"
"LG73","Factuur","LG73\2017\LG-FAK-Hoekstra-Credit(13-6-17).pdf","LG-FAK-Hoekstra-Credit(13-6-17)","Hoekstra Suwald Creditnota Remeha Ketel","2017-06-13"
"LG73","Factuur","LG73\2016\LG-HoekstraSuwald(OnderhoudCV)(15-12-2016).pdf","LG-HoekstraSuwald(OnderhoudCV)(15-12-2016)","Hoekstra Suwald - Remeha ketel (Zie Credit)","2016-12-16"
"LG73","Overzicht","LG73\2016\LG-OfferteRamen(DennisvanderLaan(12-12-2016).pdf","LG-OfferteRamen(DennisvanderLaan(12-12-2016)","Dennis van derr Laan - Prijsopgave ramen woonkamer","2016-12-12"
"LG73","Overzicht","LG73\2016\LG-PlanningOnderhoud2017.pdf","LG-PlanningOnderhoud2017","Dennis van der Laan - Waslijst door Willy","2016-09-12"
"LG73","Schema","LG73\2015\LG-Schuur(ElektriciteitSchema)(07-2015).pdf","LG-Schuur(ElektriciteitSchema)(07-2015)","Schuur - elektriciteitschema","2015-07-01"
"Belastingen","Overzicht","Belastingen\2016\LG-WOZWaarde(2016).pdf","LG-WOZWaarde(2016)","WOZ waarde 167K","2016-02-29"
"Belastingen","Overzicht","Belastingen\2017\LG-WOZWaarde(2017).pdf","LG-WOZWaarde(2017)","WOZ Waarde beschikking 167K","2017-02-28"
"Pensioen","Brief","Pensioen\2017\PENS-PensioenFondsVerhuizing(06-2017).pdf","PENS-PensioenFondsVerhuizing(06-2017)","verhuizing stichting CRH Pensioenfonds","2017-06-01"
"Pensioen","Overzicht","Pensioen\2016\PENS-UPO-CRHPensioenFonds(09-2016).pdf","PENS-UPO-CRHPensioenFonds(09-2016)","CRH Pensioenfonds UPO Pensioen overzicht","2016-09-01"
"Verzekering","Overzicht","Verzekering\2017\VER0Belegginsverzekering(30250983)(Jaaropgave)(3-5-2017).pdf","VER0Belegginsverzekering(30250983)(Jaaropgave)(3-5-2017)","30250983 - Nationale Nederlanden - Jaaropgave beleggingsverzekering","2017-05-03"
"Verzekering","Brief","Verzekering\2016\VERZ-Ardanta(CONTACT)(06-2016).pdf","VERZ-Ardanta(CONTACT)(06-2016)","Ardanta - Wie verzorgt uitvaart ?","2016-06-01"
"Verzekering","Brief","Verzekering\2016\VERZ-Ardanta(Indexering2017).pdf","VERZ-Ardanta(Indexering2017)","Ardanta - indexering uitvaartverzekering","2016-12-01"
"Verzekering","Brief","Verzekering\2017\VERZ-ARDANTA(WinstDeling)(06-2017).pdf","VERZ-ARDANTA(WinstDeling)(06-2017)","Ardanta - Winstdeling - verzekering Willy","2017-06-01"
"Pensioen","Overzicht","Pensioen\2016\VERZ-PENS-UPO(WIA)(11-2016).pdf","VERZ-PENS-UPO(WIA)(11-2016)","Aevitae - WIA UPO","2016-11-01"
"Verzekering","Brief","Verzekering\2017\VERZ-Rechtsbijstand(14-5-2017).pdf","VERZ-Rechtsbijstand(14-5-2017)","122955756 - FBTO - Rechtsbijstand","2017-04-14"
"Gezondheid","Artikel","Gezondheid\2017\GEZ-Margriet-Cholesterol(19-3-2017).pdf","GEZ-Margriet-Cholesterol(19-3-2017)","Cholestorol","2017-03-01"
"Belastingen","Overzicht","Belastingen\2016\Definitieveaanslag2015.pdf","Definitieveaanslag2015","Inkomstenbelasting Geert - Definiteve aanslag 2015","2016-05-28"
"LG73","Gebruiksaanwijzing","LG73\2016\LG73-Kettingzaag(CentralPark)(GY9303)(08-2016).pdf","LG73-Kettingzaag(CentralPark)(GY9303)(08-2016)","Oregon - Kettingzaag ","2016-08-01"
"LG73","Factuur","LG73\2016\FAK-Sony(KDL32WD757)(23-7-2016).pdf","FAK-Sony(KDL32WD757)(23-7-2016)","Sony(KDL32WD757)","2016-07-23"
"Verzekering","Overzicht","Verzekering\2016\FIN-Beleggingsverzekering(30250983)(23-5-2016).pdf","FIN-Beleggingsverzekering(30250983)(23-5-2016)","30250983 - Lijfrenteverzekering per 31-12-2015","2016-05-23"
"BMN","Overzicht","BMN\2016\CRH-BonusDoelstellingen2015DEF.pdf","CRH-BonusDoelstellingen2015DEF","Bonus 2015 - Gerealiseerd","2016-03-01"
"Auto","Factuur","Auto\2016\Auto-(90-PV-DJ)(LekkeBand)(26-01-2016).pdf","Auto-(90-PV-DJ)(LekkeBand)(26-01-2016)","90-PV-DJ - de Jager - Lekke band WHJ","2016-01-26"
"Hypotheek","Overzicht","Hypotheek\2016\BRF_HYP-Jaaropgave2015(128080)(13193209).pdf","BRF_HYP-Jaaropgave2015(128080)(13193209)","128080 - Centraal beheer - Hoofdsom Jaaropgave","2016-02-01"
"Sparen","Overzicht","Sparen\2016\BRF-ASR(5150731(Rendement2015)(16-3-2016).pdf","BRF-ASR(5150731(Rendement2015)(16-3-2016)","5150731 - ASR - ABC Spaarplan","2016-03-16"
"BMN","Brief","BMN\2016\BRF-CRH-NaamwijzigingNaarBMN(02-2016).pdf","BRF-CRH-NaamwijzigingNaarBMN(02-2016)","Naamswijziging naar BMN Bouwmaterialen","2016-01-22"
"Pensioen","Brief","Pensioen\2016\BRF-CRH-Pensien2016(Lager).pdf","BRF-CRH-Pensien2016(Lager)","CRH Pensioenfonds verlaging","2016-02-01"
"Geert","Factuur","Geert\2016\BRF-FryskeGea(Lidmaatschap2016).pdf","BRF-FryskeGea(Lidmaatschap2016)","Fryske Gea - Lidmaatschap","2016-02-01"
"Geert","Brief","Geert\2016\BRF-Graf-Wickel(30-1-2016).pdf","BRF-Graf-Wickel(30-1-2016)","Wijckel - wijziging tarief grafrechten","2016-01-25"
"Hypotheek","Overzicht","Hypotheek\2016\BRF-HYP-Jaaropgave2015(129030)(121495000).pdf","BRF-HYP-Jaaropgave2015(129030)(121495000)","129030 - Centraal beheer - Jaaropgave 2015 - Kleine Hypotheek","2016-02-01"
"Hypotheek","Overzicht","Hypotheek\2016\BRF-Hyp-JaarOverziht2015(WoonFonds)(2004729).pdf","BRF-Hyp-JaarOverziht2015(WoonFonds)(2004729)","2004729 - Jaaroverzicht 2015 - 70K","2016-02-01"
"Verzekering","Brief","Verzekering\2015\BRF-VERZ-Ardanta-Indexering 2016(12-2015).pdf","BRF-VERZ-Ardanta-Indexering 2016(12-2015)","Ardanta - verhoging door indexering","2015-12-01"
"Pensioen","Overzicht","Pensioen\2015\CRH-PensioenOverzicht2015(09-2015).pdf","CRH-PensioenOverzicht2015(09-2015)","CRH -Pensienfonds - UPO per 1-1-2015","2015-09-01"
"Pensioen","Overzicht","Pensioen\2015\CRH-Pensioen-UniformPensioenOverzicht(2015.pdf","CRH-Pensioen-UniformPensioenOverzicht(2015","Aevitae - WIA verzekering - UPO ","2015-12-01"
"Geert","Nostalgie","Geert\2016\DIV-(1-5-2016)CadeauFokke.pdf","DIV-(1-5-2016)CadeauFokke","Verjaardagscadeau Fokke","2016-05-01"
"Geert","Nostalgie","Geert\2016\DIV(1-5-2016)CadeauWilly(Flamman).pdf","DIV(1-5-2016)CadeauWilly(Flamman)","Verjaardagcadeau Willy - Flamman","2016-05-01"
"Geert","Factuur","Geert\2016\DIV-NotaMotorad(Motorlaarzen)(12-3-2016).pdf","DIV-NotaMotorad(Motorlaarzen)(12-3-2016)","Motorado 0 Motorlaarzen","2016-03-12"
"Auto","Factuur","Auto\2016\FAK-(90-PV-DJ)(24-1-2016)(Banden).pdf","FAK-(90-PV-DJ)(24-1-2016)(Banden)","90-PV-DJ - Nieuwe banden","2016-01-20"
"Auto","Factuur","Auto\2015\FAK-Auto-Onderhoud(29-12-2016).pdf","FAK-Auto-Onderhoud(29-12-2016)","90-PV-DJ - Remmen","2015-12-29"
"LG73","Factuur","LG73\2015\FAK-LG73(Boels)(SloopSchuur)(05-2015).pdf","FAK-LG73(Boels)(SloopSchuur)(05-2015)","Boels - Huren breekhamer voor sloop oude schuur","2015-05-06"
"LG73","Factuur","LG73\2015\FAK-LG73-(Container-vanWieren(4-5-2015).pdf","FAK-LG73-(Container-vanWieren(4-5-2015)","van Wieren - container voor afvoer oude schuur + boom","2015-05-04"
"LG73","Factuur","LG73\2015\FAK-LG73-Bloembergen-TuinWest(28-10-15).pdf","FAK-LG73-Bloembergen-TuinWest(28-10-15)","Bloembergen - Damwand + terras","2015-10-28"
"Hypotheek","Overzicht","Hypotheek\2016\FIN(7762620020(FinOverzicht2015)(02-2016).pdf","FIN(7762620020(FinOverzicht2015)(02-2016)","776262002 - FBTO - Jaaropgave","2016-02-16"
"Verzekering","Overzicht","Verzekering\2016\FIN(OpgaveLevensverzekering2015)(30500215).pdf","FIN(OpgaveLevensverzekering2015)(30500215)","30500215 - Nationale Nederlanden - Jaaroverzicht.","2016-02-06"
"Verzekering","Brief","Verzekering\2016\FIN-30500215-EindeLooptijd(Beleggingsverdeling)(28-4-2016).pdf","FIN-30500215-EindeLooptijd(Beleggingsverdeling)(28-4-2016)","Natonale Nederlanden - Waarschuwing rendement","2016-04-28"
"Verzekering","Overzicht","Verzekering\2016\FIN-FiscaleOpgaveASR(D5150731)(02-2016).pdf","FIN-FiscaleOpgaveASR(D5150731)(02-2016)","5150731 - ASR - Jaaropgave 2015","2016-02-01"
"Verzekering","Overzicht","Verzekering\2016\FIN-NationaleNL(30250983)(11-5-2016).pdf","FIN-NationaleNL(30250983)(11-5-2016)","30250983 - Nationale Nederlanden - Jaaropgave 2015","2016-05-11"
"Geert","Nostalgie","Geert\2015\GDH-Sinterklaas2015(KadoVanFokke).pdf","GDH-Sinterklaas2015(KadoVanFokke)","Cadeau Fokke - Steamcode","2015-12-05"
"Hypotheek","Overzicht","Hypotheek\2016\HYP(776262001)FinOverzicht2015(02-2016).pdf","HYP(776262001)FinOverzicht2015(02-2016)","776262001 - FBTO - Overzicht waarde per 1-1-2015","2016-02-16"
"Hypotheek","Overzicht","Hypotheek\2016\HYP-CentraalBeheer( C8129030)(jaarOverzicht2016).pdf","HYP-CentraalBeheer( C8129030)(jaarOverzicht2016)","129030 - Centraal Beheer Achmea - Overzicht 21K Hypotheek","2016-04-01"
"Hypotheek","Overzicht","Hypotheek\2016\HYP-CentraalBeheer(CB128080)JaarOverzicht(2016).pdf","HYP-CentraalBeheer(CB128080)JaarOverzicht(2016)","128080 - Centraal Beheer Achmea - 70K ","2016-04-01"
"Hypotheek","Overzicht","Hypotheek\2016\HYP-Woonfonds70K(WF2004729)(26-4-2016).pdf","HYP-Woonfonds70K(WF2004729)(26-4-2016)","2004729 - Woonfonds - 70K extra hyp","2016-04-26"
"Hardware","Pakbon","Hardware\2015\PAKBON-Surface4(18-11-15).pdf","PAKBON-Surface4(18-11-15)","Surface4 - Paradigit","2015-11-18"
"Verzekering","Factuur","Verzekering\2016\VERZ-FBTO-RechtsbijstandVerlenging(15-4-2016).pdf","VERZ-FBTO-RechtsbijstandVerlenging(15-4-2016)","FBTO rechtsbijstand - verlening 2016/2017","2016-04-15"
"Verzekering","Factuur","Verzekering\2015\VERZ-Unive(Polis)(AlleVerzekeringen)(2016).pdf","VERZ-Unive(Polis)(AlleVerzekeringen)(2016)","Unive - Alle verzekeringen","2015-12-05"
"Nuts","Internet/Telefoon","Nuts\2016\Nuts-KPN-(0511-432029)NaarZiggo(11-5-2016).pdf","Nuts-KPN-(0511-432029)NaarZiggo(11-5-2016)","KPN - Bevestiging overstap telefonie naar Ziggo","2016-05-09"
"Elektronica","Schema","Elektronica\1980\ELEK-BuizenTester(ReverseEngineering)(80erJaren).pdf","ELEK-BuizenTester(ReverseEngineering)(80erJaren)","Buizentester Lafayette (TE-50) (1964) - Schema","1980-01-01"
"Geert","Nostalgie","Geert\1980\ELEK-Dump-Langelille.pdf","ELEK-Dump-Langelille","Advertentie Dump Langelille","1980-01-01"
"Software","Schema","Software\1980\ELEK-Fortran(Diagram).pdf","ELEK-Fortran(Diagram)","Fortran - MTS (t.b.v. ponskaarten ?)","1980-01-01"
"Elektronica","Schema","Elektronica\1980\ELEK-HP31E(reparatieVoedingsstrookje).pdf","ELEK-HP31E(reparatieVoedingsstrookje)","HP31E - Reparatie voedingsstrookje","1980-01-01"
"Elektronica","Schema","Elektronica\1980\ELEK-NetTrafo(TR521)-Beelduigang(TR421).pdf","ELEK-NetTrafo(TR521)-Beelduigang(TR421)","TR521 - Nettrafo","1980-01-01"
"Elektronica","Schema","Elektronica\1980\ELEK-OCF80(U-I)meting(80erJaren).pdf","ELEK-OCF80(U-I)meting(80erJaren)","PCF80 - (U-I) meting","1980-01-01"
"Elektronica","Schema","Elektronica\1980\ELEK-SchakelTrap(Display).pdf","ELEK-SchakelTrap(Display)","Schakeltrap Display","1980-01-01"
"Elektronica","Schema","Elektronica\1978\ELEK-Schema(LM309K(4-10-1978).pdf","ELEK-Schema(LM309K(4-10-1978)","LM309K schn)ma (MTS Leeuwarden)","1978-10-04"
"Elektronica","Schema","Elektronica\1980\ELEK-Schema(Versterker)8oer.pdf","ELEK-Schema(Versterker)8oer","Versterker","1980-01-01"
"Elektronica","Schema","Elektronica\1980\ELEK-SG(BuizenSchema)(80erJaren)(GitaarVersterker).pdf","ELEK-SG(BuizenSchema)(80erJaren)(GitaarVersterker)","Gitaarversterker schema (Reverse Engineering)","1980-01-01"
"Elektronica","Schema","Elektronica\1980\ELEK-VersterkerMetScoopBeelden(22-10-1980).pdf","ELEK-VersterkerMetScoopBeelden(22-10-1980)","EL90 versterker met scoopbeelden","1980-10-22"
"Elektronica","Schema","Elektronica\1980\ELEK-Tandy-TDA2020.pdf","ELEK-Tandy-TDA2020","TDA2020 - Versterker IC","1980-01-01"
"Elektronica","Schema","Elektronica\1980\ELEK-VersterkerSchemas(80erJaren).pdf","ELEK-VersterkerSchemas(80erJaren)","Versterker - met bouwaantekeningen","1980-01-01"
"Hardware","Factuur","Hardware\1992\FAK(Alltec)(MB486-33)(18-05-1992).pdf","FAK(Alltec)(MB486-33)(18-05-1992)","Alltec - 80486-33Mhz - HD - 4Mb Memory","1992-05-18"
"Hardware","Factuur","Hardware\1992\FAK-Alltec(ComputerParts)(21-09-1992).pdf","FAK-Alltec(ComputerParts)(21-09-1992)","Alltec - HW uitbreiding 80486 - 33","1992-09-21"
"Software","Factuur","Software\1994\FAK-BorlandC++4(24-02-1994).pdf","FAK-BorlandC++4(24-02-1994)","BorlandC++ 4.0 DOS/ WIN 3.50","1994-02-24"
"Elektronica","Factuur","Elektronica\1993\FAK-ComputerCollectief(C++DatabasesFev+disk)(10-03-1993).pdf","FAK-ComputerCollectief(C++DatabasesFev+disk)(10-03-1993)","Computer Collectief C++ Database Development","1993-03-10"
"Software","Factuur","Software\1993\FAK-ComputerCollectief(C-databaseToolchest)(25-01-93).pdf","FAK-ComputerCollectief(C-databaseToolchest)(25-01-93)","C/Database Toolchest BTree / ISAM","1993-01-25"
"Software","Factuur","Software\1992\FAK-ComputerCollectief(FalconCampaignDisk)(24-11-1992).pdf","FAK-ComputerCollectief(FalconCampaignDisk)(24-11-1992)","Computer Collectief Falcon campaign disk 1","1992-11-24"
"IT-Alg","Factuur","IT-Alg\1993\FAK-ComputerCollectief(InsideWindowsNT)(24-02-1993).pdf","FAK-ComputerCollectief(InsideWindowsNT)(24-02-1993)","Computer Collectief - Inside Windows NT","1993-02-24"
"Software","Factuur","Software\1992\FAK-ComputerCollectief(UpgradeBorlandC++)(27-11-1992).pdf","FAK-ComputerCollectief(UpgradeBorlandC++)(27-11-1992)","Compoter Collectief Update BorlandC++ 3.1 met Application frameworks","1992-11-27"
"Software","Factuur","Software\1993\FAK-ComputerCollectiefParadoxForWindows)(7-4-1993).pdf","FAK-ComputerCollectiefParadoxForWindows)(7-4-1993)","Computer Collectief - Paradox for Windows","1993-04-07"
"LG73","Gebruiksaanwijzing","LG73\2017\LG73-GEB-SygonixDimmer.pdf","LG73-GEB-SygonixDimmer","Sygonix - Dimmer Halogeen woonkamer","2017-08-17"
"LG73","Factuur","LG73\1997\FAK-Conrad(BabyfoonFokke)(30-01-1997).pdf","FAK-Conrad(BabyfoonFokke)(30-01-1997)","Conrad - Babyfoon Fokke","1997-01-30"
"Hardware","Factuur","Hardware\1991\FAK-DECSYS(.S-VGAKaart)(16-12-1991).pdf","FAK-DECSYS(.S-VGAKaart)(16-12-1991)","Decsys - S-VGA kaart 1 Mb Vesa","1991-12-16"
"Hardware","Factuur","Hardware\1993\FAK-Epsilon(EizoF340i)(11-05-1993).pdf","FAK-Epsilon(EizoF340i)(11-05-1993)","Epsilon - Eizo F340I","1993-05-11"
"Geert","Factuur","Geert\1996\FAK-Eringa(Rotel(RA960BX)(21-11-1996).pdf","FAK-Eringa(Rotel(RA960BX)(21-11-1996)","Eringa - Rotel RA960 BX","1996-11-21"
"Geert","Factuur","Geert\1991\FAK-Eringa(Rotel-RCD-855)(16-11-1991).pdf","FAK-Eringa(Rotel-RCD-855)(16-11-1991)","Eringa - Rotel RCD-855 - CD speler","1991-11-16"
"Geert","Factuur","Geert\1999\FAK-EringaOnderhoudRotel(29-9-1999.pdf","FAK-EringaOnderhoudRotel(29-9-1999","Eringa - RA960 - BX Onderhoud","1999-09-18"
"LG73","Factuur","LG73\2016\FAK-FS38-Grastrimmer(STIHL)(04-06-2016).pdf","FAK-FS38-Grastrimmer(STIHL)(04-06-2016)","Hooghiemstra - Stihl FS38 Grastrimmer","2016-06-04"
"LG73","Factuur","LG73\1991\FAK-HuurBestelBus(Stinzenflora)(LG73)(23-2-1991).pdf","FAK-HuurBestelBus(Stinzenflora)(LG73)(23-2-1991)","Autolok - Huur verhuisbus","1991-02-23"
"Geert","Factuur","Geert\2016\FAK-iPhone5S-vanOorspronkelijkeEigenaar.pdf","FAK-iPhone5S-vanOorspronkelijkeEigenaar","iPhone 5S - Aanschafnota eerste eigenaar","2016-01-18"
"LG73","Factuur","LG73\2016\FAK-LG73-(DennisvanderLaan)KozijnStudeerkamer(27-9-2016).pdf","FAK-LG73-(DennisvanderLaan)KozijnStudeerkamer(27-9-2016)","Dennis van der Laan - Kozijn studeerkamer vervangen","2016-09-27"
"LG73","Factuur","LG73\2015\FAK-LG73-Tuin(West)(Beplanting)(28-11-15).pdf","FAK-LG73-Tuin(West)(Beplanting)(28-11-15)","Bloembergen - Westkant beplanten","2015-11-28"
"Software","Factuur","Software\1992\FAK-LogicSoft(BorlandC++3.0)(10-03-1992).pdf","FAK-LogicSoft(BorlandC++3.0)(10-03-1992)","LogicSoft - Borland C++ 3.0 + Appl framework","1992-03-10"
"Software","Factuur","Software\1992\FAK-LogicSoft(ObjectVision)(9-1-1992).pdf","FAK-LogicSoft(ObjectVision)(9-1-1992)","Logic Soft - ObjectVision","1992-01-09"
"Hardware","Factuur","Hardware\1992\FAK-MeekIT(PC-Onderdelen)(31-08-1992).pdf","FAK-MeekIT(PC-Onderdelen)(31-08-1992)","MeekIT - PC Onderdelen","1992-08-31"
"Software","Factuur","Software\1993\FAK-Microsoft(DOS6NL35Up)(04051993).pdf","FAK-Microsoft(DOS6NL35Up)(04051993)","Microsoft - Dos6NL35UP","1993-05-04"
"Hardware","Factuur","Hardware\1996\FAK-MS Sidewinder 3D Pro+Fury(27-07-1996).pdf","FAK-MS Sidewinder 3D Pro+Fury(27-07-1996)","Escom - Sidewinder Pro + Fury","1996-07-27"
"LG73","Factuur","LG73\1998\FAK-NVBVermeulen(Gipsplaat)(RiaDijkstra)(20-08-1998).pdf","FAK-NVBVermeulen(Gipsplaat)(RiaDijkstra)(20-08-1998)","NVB Vermeulen (Boodschap Ria Dijkstra)","1998-08-20"
"LG73","Factuur","LG73\1999\FAK-NVBVermeulen(KnipexGereedschap)(Oldekerk)(21-05-1999).pdf","FAK-NVBVermeulen(KnipexGereedschap)(Oldekerk)(21-05-1999)","NVB Vermeulen - Gereedschap Oldekerk","1999-05-21"
"LG73","Factuur","LG73\1997\FAK-NVBVermeulen(Steenwol)(OegeVanHijum)(24-06-1997).pdf","FAK-NVBVermeulen(Steenwol)(OegeVanHijum)(24-06-1997)","NVB Vermeulen - Steenwol (Oege van Hijum)","1997-07-01"
"Hardware","Factuur","Hardware\1991\FAK-Timtronix(Geheugen+Kabels)(25-11-1991).pdf","FAK-Timtronix(Geheugen+Kabels)(25-11-1991)","Timtronix - Geheugen + kabels","1991-11-25"
"Hardware","Factuur","Hardware\1993\FAK-Timtronix(PC-onderdelen)(3-7-1993).pdf","FAK-Timtronix(PC-onderdelen)(3-7-1993)","Timtronix - PC Onderdelen (Geheugen + HD)","1993-07-03"
"Hardware","Factuur","Hardware\1995\FAK-Timtronix(PC-Onderdelen)(6-3-1995).pdf","FAK-Timtronix(PC-Onderdelen)(6-3-1995)","Timtronix - Geheugen - Floppy drive","1995-02-23"
"LG73","Factuur","LG73\1998\FAK-Ubbens(Plinten-Schroefbits)(08-10-1998).pdf","FAK-Ubbens(Plinten-Schroefbits)(08-10-1998)","Ubbens - Plinten - Schroefbits","1998-10-15"
"LG73","Factuur","LG73\1998\FAK-Ubbens(Pluggen-Rollers)(10-11-1998).pdf","FAK-Ubbens(Pluggen-Rollers)(10-11-1998)","Ubbens - Pluggen en Rollers","1998-11-10"
"Vakantie","Factuur","Vakantie\1991\FAK-Vlieland(Gondel-1)(11-11-1991).pdf","FAK-Vlieland(Gondel-1)(11-11-1991)","Vlieland - Gondel 1","1991-10-31"
"Hypotheek","Overzicht","Hypotheek\2002\FBTO-Krediet(2002).pdf","FBTO-Krediet(2002)","FBTO - Doorlopen krediet","2002-12-13"
"Verzekering","Overzicht","Verzekering\2016\FIN-30500215-(jaaropgave2015).pdf","FIN-30500215-(jaaropgave2015)","30500215 - Beleggingsverzekering - Jaaropgave 2015","2016-05-25"
"Sparen","Overzicht","Sparen\2017\FIN-ASR(D5150731)(Waarde(1-1-2016)(02-2017).pdf","FIN-ASR(D5150731)(Waarde(1-1-2016)(02-2017)","5150731 - ASR - Jaaropgave per 1-1-2016","2017-02-01"
"LG73","Factuur","LG73\2015\FIN-BegrafenisJohanBastiaans(12-05-2015).pdf","FIN-BegrafenisJohanBastiaans(12-05-2015)","Walta - Begrafenis Johan Bastiaans","2015-05-12"
"Belastingen","Brief","Belastingen\2015\FIN-Bel-2015(WHJ(Nieuwrekeningnummer)(9-6-2015).pdf","FIN-Bel-2015(WHJ(Nieuwrekeningnummer)(9-6-2015)","Nieuw rekeningnummer Willy","2015-06-09"
"Belastingen","Overzicht","Belastingen\2016\FIN-BelastingdienstTeruggave2015(30-5-2016).pdf","FIN-BelastingdienstTeruggave2015(30-5-2016)","Willy - Definitieve aanslag 2015","2016-05-28"
"Belastingen","Overzicht","Belastingen\2015\FIN-Belasting-Teruggave2014DEF.pdf","FIN-Belasting-Teruggave2014DEF","Willy - Defintieve aanslag 2014","2015-05-12"
"Verzekering","Overzicht","Verzekering\2015\FIN-BeleggingsVerzekering(30250983)Jaaropgave2014.pdf","FIN-BeleggingsVerzekering(30250983)Jaaropgave2014","30250983 - Jaaroverzicht per 31-12-2014","2015-04-08"
"Verzekering","Overzicht","Verzekering\2015\FIN-BeleggingsVerzekering(30300215)JaarOpgave(25-4-2015).pdf","FIN-BeleggingsVerzekering(30300215)JaarOpgave(25-4-2015)","30500215 - Jaaroverzicht per 31-12-2014","2015-04-25"
"Verzekering","Overzicht","Verzekering\2015\FIN-BeleggingsVerzekering(30300215)JaarOpgave2014(25-4-2015).pdf","FIN-BeleggingsVerzekering(30300215)JaarOpgave2014(25-4-2015)","30500215 - Jaaropgave per 31-12-2014","2015-04-25"
"Belastingen","Overzicht","Belastingen\2015\FIN-BEL-Eindafrekening2014(GdH-WHJ)(06-2015).pdf","FIN-BEL-Eindafrekening2014(GdH-WHJ)(06-2015)","Geert - Definitieve aanslag 2014","2015-05-12"
"Hypotheek","Brief","Hypotheek\2017\FIN-Freo-EindeDoorlopenKrediet(21-2-17).pdf","FIN-Freo-EindeDoorlopenKrediet(21-2-17)","Freo - Afmelding doorlopend krediet","2017-02-21"
"Verzekering","Brief","Verzekering\2015\FIN-HYP-FBTO(22-5-2015)DubbelGeincasseerd.pdf","FIN-HYP-FBTO(22-5-2015)DubbelGeincasseerd","FBTO - Dubbel geincasseerd","2015-05-22"
"Verzekering","Brief","Verzekering\2016\FIN-Levensverzerkering(L30500215)(Uitbetaling)(3-12-2016).pdf","FIN-Levensverzerkering(L30500215)(Uitbetaling)(3-12-2016)","30500215 - Verzoek tot uitbetaling","2016-11-24"
"Verzekering","Overzicht","Verzekering\2017\FIN-NN-LevVerz(30500215)(Waarde2016)(3-2-2017).pdf","FIN-NN-LevVerz(30500215)(Waarde2016)(3-2-2017)","30500215 - Nationale Nederlanden - Waarde per 1-2016","2017-02-03"
"Verzekering","Brief","Verzekering\2015\FIN-VerzekeringingenUnive(1Pakket)(18-4-2015).pdf","FIN-VerzekeringingenUnive(1Pakket)(18-4-2015)","Unive - samenvoegen verzekeringen","2015-04-18"
"LG73","Factuur","LG73\2016\GARKettingzaag(40cm)(18-8-2016).pdf","GARKettingzaag(40cm)(18-8-2016)","Praxis - Kettingzaag","2016-08-20"
"Geert","Brief","Geert\2008\GdH(GITPL)Assesment(03-2008).pdf","GdH(GITPL)Assesment(03-2008)","GITP - Assesment - Definitieve rapportage","2008-04-03"
"Geert","Bevestiging","Geert\2009\GdH(Krauthammer)(Certificaat)(20-maart-2009).pdf","GdH(Krauthammer)(Certificaat)(20-maart-2009)","Krauthammer - Certificaat Management, voorbeeld en impact.","2009-03-20"
"Geert","Brief","Geert\2008\GdH(Krauthammer)(voorbereidingEersteTrainingsdag)(10-8-2008).pdf","GdH(Krauthammer)(voorbereidingEersteTrainingsdag)(10-8-2008)","Krauthammer - Voorbereiding voor training.","2008-10-10"
"Geert","Nostalgie","Geert\1985\GdHDagboek(07-1985(2).pdf","GdHDagboek(07-1985(2)","Dagboek - Deel 2","1985-07-15"
"Geert","Nostalgie","Geert\1985\GdHDagboek(07-1985)(1).pdf","GdHDagboek(07-1985)(1)","Dagboek - Deel 1","1985-07-01"
"Geert","Factuur","Geert\2017\GdH-FAK-(KogaMiyata)(RevisieDraaiendeDelen(08-04-17).pdf","GdH-FAK-(KogaMiyata)(RevisieDraaiendeDelen(08-04-17)","Meindert Fietsspecialist - Onderhoud Koga Miyata","2017-04-08"
"Geert","Gebruiksaanwijzing","Geert\2017\GdH-Instructie-Pilot-Vulpen)(04-2017).pdf","GdH-Instructie-Pilot-Vulpen)(04-2017)","Pilot vulpen","2017-04-01"
"Gezondheid","Overzicht","Gezondheid\2017\GDH-LifeLines(Uitslag2017)(10-02-2017).pdf","GDH-LifeLines(Uitslag2017)(10-02-2017)","LifeLines - Uitslag onderzoek 01-2017","2017-02-10"
"Gezondheid","Factuur","Gezondheid\2015\GEZ-Aarts(april-mei)2015.pdf","GEZ-Aarts(april-mei)2015","Aarts Elektro acupunctuur","2015-04-02"
"Hypotheek","Overzicht","Hypotheek\2017\HYP-CB-JaarOpgave2016(CB000128080)(2-2017).pdf","HYP-CB-JaarOpgave2016(CB000128080)(2-2017)","131493209-00 - Centraal Beheer Jaaroverzicht 2016","2017-02-01"
"Hypotheek","Overzicht","Hypotheek\2017\HYP-CB-JaarOpgave2016(CB000129030)(2-2017).pdf","HYP-CB-JaarOpgave2016(CB000129030)(2-2017)","131495000-00 - Centraal beheer 20K Jaaroverzicht 2016","2017-02-01"
"Hypotheek","Overzicht","Hypotheek\2017\HYP-FBTO-SpaarHyp(2016)(776262001)9776262002)(10-2-2017).pdf","HYP-FBTO-SpaarHyp(2016)(776262001)9776262002)(10-2-2017)","776262001 - FBTO - Overzicht spaarhyoptheek 2016 : 70K","2017-02-10"
"Hypotheek","Overzicht","Hypotheek\2017\HYP-WoonFonds(2004729)2016Jaaroverzicht.pdf","HYP-WoonFonds(2004729)2016Jaaroverzicht","2004729 - Woonfonds - Jaaroverzicht 2016 - 70K","2017-02-01"
"LG73","Bevestiging","LG73\2015\ItParadyske-OrderBevestiging(LG73)GdeHaan(21-4-2015).pdf","ItParadyske-OrderBevestiging(LG73)GdeHaan(21-4-2015)","It Paradyske - Hoofdschuur","2015-04-21"
"LG73","Factuur","LG73\1997\LG73-FAK(DruGashaard)(deKleine)(15-9-1997).pdf","LG73-FAK(DruGashaard)(deKleine)(15-9-1997)","de Kleine - Dru Gashaard","1997-09-15"
"LG73","Factuur","LG73\1999\LG73-FAK(GashaardenHerstel)(01-1999).pdf","LG73-FAK(GashaardenHerstel)(01-1999)","Schoonmaken en herstellen Gashaarden","1999-01-01"
"LG73","Factuur","LG73\1997\LG73-FAK(Otak)(GeleBanken)(20-02-1997).pdf","LG73-FAK(Otak)(GeleBanken)(20-02-1997)","Otak - 3 zits gele bank","1997-02-20"
"LG73","Factuur","LG73\1994\LG73-FAK-(VergrotenWoonkamer)(20-11-1994).pdf","LG73-FAK-(VergrotenWoonkamer)(20-11-1994)","Jouke van Wieren - Vergroten woonkamer","1994-11-20"
"LG73","Overzicht","LG73\1996\LG73-FAK-JVW-(Kozijnvoor)(15-06-1996).pdf","LG73-FAK-JVW-(Kozijnvoor)(15-06-1996)","Jouke van Wieren - Offerte vernieuwen kozijn voor","1996-06-15"
"LG73","Factuur","LG73\1996\LG73-FAK-JVW-Isolatieglas(15-06-1996).pdf","LG73-FAK-JVW-Isolatieglas(15-06-1996)","Jouke van Wieren - Plaatsen isolatieglas","1996-06-15"
"LG73","Factuur","LG73\1996\LG73-FAK-NVB Vermeulen(Steenwol)(OvH)(21-05-1996).pdf","LG73-FAK-NVB Vermeulen(Steenwol)(OvH)(21-05-1996)","NVB Vermeulen - Steenwol Oege van Hijm","1996-05-21"
"LG73","Gebruiksaanwijzing","LG73\2015\LG73-ToiletBril(Tiger)05-2015.pdf","LG73-ToiletBril(Tiger)05-2015","Tiger Toiletbril","2015-05-01"
"Elektronica","Schema","Elektronica\2008\MC-PinLayoutATMega.pdf","MC-PinLayoutATMega","ATMega88  - Pinlayout","2008-01-01"
"Motor","Overzicht","Motor\2015\MJFT76(KentekenBewijs)(VoorAankoop)(01-10-2015).pdf","MJFT76(KentekenBewijs)(VoorAankoop)(01-10-2015)","MJ-FT-76 - Kentekenbewijs voor aankoop","2015-10-01"
"Motor","Bevestiging","Motor\2012\MJFT76(ombouwVerklaring25KW).pdf","MJFT76(ombouwVerklaring25KW)","MJ-FT-76 - Ombouwverklaring 25KW","2012-11-08"
"Nuts","Factuur","Nuts\1991\NTS-FrigemEindAfrekeningDirkBout(25-3-1991).pdf","NTS-FrigemEindAfrekeningDirkBout(25-3-1991)","Frigem - Eindafrekeing Dirk Boutstraat 33C","1991-03-25"
"Sparen","Bevestiging","Sparen\2015\Robeco-(automatische-Overschrijving)(Signed)(9-6-2015).pdf","Robeco-(automatische-Overschrijving)(Signed)(9-6-2015)","Robeco - doorlopende machtiging","2015-06-08"
"Vakantie","Bevestiging","Vakantie\1995\VAK-Schienvat1995(7-7-1995).pdf","VAK-Schienvat1995(7-7-1995)","Huurovereenkomst ""het Schienvat","1995-07-07"
"Verzekering","Bevestiging","Verzekering\2015\VerzPolis(MJFT76).pdf","VerzPolis(MJFT76)","MJ-FT-76 - Polis Unive","2015-09-28"
"Verzekering","Factuur","Verzekering\2015\VERZ-RechtsBijstand(Verlenging2015).pdf","VERZ-RechtsBijstand(Verlenging2015)","FBTO - Rechtsbijstandverzekering","2015-04-17"
"Verzekering","Bevestiging","Verzekering\2015\VERZ-Unive(AlleVerzekeringen2015)(3-10-2015).pdf","VERZ-Unive(AlleVerzekeringen2015)(3-10-2015)","Unive - Overzicht verzekeringen na MJ-FT-76","2015-09-28"
"Motor","Bevestiging","Motor\2015\Binder1.pdf","Binder1","MJ-FT-76 - Kentekenbewijs","2015-09-28"
"Motor","Bevestiging","Motor\2015\RDW-MJ-FT-76(Kentekenbewijs)(28-9-2015).pdf","RDW-MJ-FT-76(Kentekenbewijs)(28-9-2015)","Kentekenbewijs - MJ-FT-76","2015-09-28"
"Software","Bevestiging","Software\2012\Windows8-ProductCode.pdf","Windows8-ProductCode","Windows8 - Productcode via upgrade-assistent","2012-10-27"
"Elektronica","MindMap","Elektronica\2008\MM-AVRDragon(Aansluiten)(20-4-2008).pdf","MM-AVRDragon(Aansluiten)(20-4-2008)","AVR-Dragon met ATMEGAA88","2008-04-20"
"Elektronica","MindMap","Elektronica\2008\MM-AVRGeprogrammeerd!(3-3-2008).pdf","MM-AVRGeprogrammeerd!(3-3-2008)","ATMega - Ervaringen met programmeren","2008-03-03"
"Software","MindMap","Software\2008\MM-SqlServerBoek(forBeginners)2008.pdf","MM-SqlServerBoek(forBeginners)2008","SQLServer - Planning & Installation","2008-01-01"
"Motor","Bevestiging","Motor\2015\Motor-GroeneKaart2015.pdf","Motor-GroeneKaart2015","MJ-FT-76 - Groene kaart tot 2-2016","2015-09-26"
"Elektronica","Schema","Elektronica\1980\ELEK-BuizenVersterker(HenkvanderWal)(e4).pdf","ELEK-BuizenVersterker(HenkvanderWal)(e4)","Buizenversterker Henk van der Wal","1980-01-01"
"BMN","Overzicht","BMN\2017\BMN-BreedMT(12-4-17).pdf","BMN-BreedMT(12-4-17)","Aantekeningen Breed MT ","2017-04-12"
"BMN","MindMap","BMN\2017\BMN-DF-Scanstraat(klad)(05-2017).pdf","BMN-DF-Scanstraat(klad)(05-2017)","Dataflow scanstraat","2017-03-01"
"LG73","Factuur","LG73\2016\FAK-CarpetRight(BestellingFactuur)(20-10-2016).pdf","FAK-CarpetRight(BestellingFactuur)(20-10-2016)","Carpetright - Vloerbedekking studeerkamer","2016-10-01"
"Vakantie","Bevestiging","Vakantie\2015\Ferienhäuser und Ferienwohnungen online buchen   Interhome.pdf","Ferienhäuser und Ferienwohnungen online buchen   Interhome","Lenzkrich - Ferienhaus Marwitz","2015-11-06"
"Geert","Gebruiksaanwijzing","Geert\2013\C 326BEE Stereo Integrated Amplifier - Dutch Manual.pdf","C 326BEE Stereo Integrated Amplifier - Dutch Manual","NAD C326BEE","2013-08-12"
"Elektronica","Factuur","Elektronica\2016\FAK-Pycom(Lora)(7-10-2016).pdf","FAK-Pycom(Lora)(7-10-2016)","Pycom - Lora (Kickstarter)","2016-10-07"
"LG73","Factuur","LG73\2015\FAK-LG73(RemehaKetel)Onderhoud(Hoekstra)(27-10-2015).pdf","FAK-LG73(RemehaKetel)Onderhoud(Hoekstra)(27-10-2015)","Hoekstra - Suwald Remeha Calenta28C Onderhoud","2015-11-06"
"LG73","Factuur","LG73\2015\FAK-LG73-Vekto-(Grondkabel)(10-08-2015).pdf","FAK-LG73-Vekto-(Grondkabel)(10-08-2015)","Vekto - Grondkabel voor achterste schuur","2015-08-10"
"LG73","Factuur","LG73\2015\LG73-PartySchuur(Boom)RepicoZaag.pdf","LG73-PartySchuur(Boom)RepicoZaag","Karwei - Bosch - ReciproZaag","2015-05-10"
"LG73","Factuur","LG73\2015\LG73-PartySchuur(RotanStoel).pdf","LG73-PartySchuur(RotanStoel)","Karwei - Rotanstoel voor de Partyschuur","2015-05-02"
"Nuts","Bevestiging","Nuts\2016\Ziggo-VerzendBevestiging(POST-NL)(12-12-2016).pdf","Ziggo-VerzendBevestiging(POST-NL)(12-12-2016)","Ziggo - Verzendbevestiging (Post-NL)","2016-12-12"
"Willy","Brief","Willy\2016\WHJ-CBR-RapportageICD(14-3-2015).pdf","WHJ-CBR-RapportageICD(14-3-2015)","CBR - Rapportage ICD ","2016-03-14"
"Willy","Brief","Willy\2017\WHJ-(BoodschappenENOF(1-5-2017).pdf","WHJ-(BoodschappenENOF(1-5-2017)","Overzicht boodschappen en en/of spaarrekening","2017-05-02"
"Motor","Factuur","Motor\2012\MJFT76(FacturenVorigeEigenaar).pdf","MJFT76(FacturenVorigeEigenaar)","MJ-FT-36 (Facturen vorige eigenaar)","2012-11-14"
"Geert","Nostalgie","Geert\2017\DIV-Sinterklaas2016(3-12-2016).pdf","DIV-Sinterklaas2016(3-12-2016)","Sinterklasgedicht van Willy","2017-12-05"
"Motor","Bevestiging","Motor\2015\Kentekenbewijs-tenaamstellingscode(1-10-2015).pdf","Kentekenbewijs-tenaamstellingscode(1-10-2015)","MJ-FT-76 - Tenaamstellingscode","2015-09-28"
"LG73","Factuur","LG73\2015\LG73-ItParadyske(EindFactuur)(2-6-2015).pdf","LG73-ItParadyske(EindFactuur)(2-6-2015)","It Paradyske - Hoofdschuur - eindafrekening","2015-06-02"
"LG73","Factuur","LG73\2015\LG73-PartySchuur(Container).pdf","LG73-PartySchuur(Container)","van Wieren - Container voor afvoer oude schuur + boomstronk","2015-05-04"
"LG73","Overzicht","LG73\2015\LG73-SchetsSchuurMetEsdoorn(14-6-2015).pdf","LG73-SchetsSchuurMetEsdoorn(14-6-2015)","Schets hoofdschuur met Esdoorn","2015-06-14"
"Gezondheid","Gebruiksaanwijzing","Gezondheid\2016\GEZ-AartsGebMedicatie.pdf","GEZ-AartsGebMedicatie","Aarts - Medicatie Medorrhinum","2016-01-01"
"Sparen","Overzicht","Sparen\2015\FIN-ASR-Jaaroverzicht2014.pdf","FIN-ASR-Jaaroverzicht2014","5150731 - ASR - Overzicht 2014","2015-03-01"
"Elektronica","Schema","Elektronica\1977\ELEK-BuisvoltMeter(DumpGorredijk).pdf","ELEK-BuisvoltMeter(DumpGorredijk)","Buisvoltmeter uit de dump (Reverse Engineeren)","1977-01-01"
"Gezondheid","Folder","Gezondheid\2015\GEZ-Dokterswacht(2015).pdf","GEZ-Dokterswacht(2015)","Dokterwacht informatie en Nummers","2015-05-10"
"Geert","Brief","Geert\1985\GDH-Dagboek(07-1985).pdf","GDH-Dagboek(07-1985)","Dagboekfragment 8- Juli","1985-07-08"
"Willy","Recept","Willy\2015\WHJ-RCPT-Schuimtaart.pdf","WHJ-RCPT-Schuimtaart","Schuimtaartjes met gemarineerde aardbeien","2015-06-14"
"Motor","Gebruiksaanwijzing","Motor\2015\MOT-GEB-MJFT76.pdf","MOT-GEB-MJFT76","MJ-FT-76 Onderhoud bij 16K miles","2015-11-16"
"LG73","Gebruiksaanwijzing","LG73\2015\IMG_20160418_0002.pdf","IMG_20160418_0002","Regenwater automaat voor waterton","2015-11-16"
"Geert","Bevestiging","Geert\2016\GdH- Rijbewijs-2008-2018.pdf","GdH- Rijbewijs-2008-2018","Rijbewijs 2008 - 2018","2016-12-05"
"BMN","MindMap","BMN\2013\BMN- Scan notitieblok(7-10-2013).pdf","BMN- Scan notitieblok(7-10-2013)","Notitieblok scans","2013-10-07"
"Pensioen","Brief","Pensioen\2014\PENS-Nieuweregeling2015.pdf","PENS-Nieuweregeling2015","Nieuwe pensioenregeling 2015","2014-12-01"
"Willy","Factuur","Willy\2014\WHJ-Tandartskosten(10-2014).pdf","WHJ-Tandartskosten(10-2014)","Tandartskosten Willy","2014-10-02"
"BMN","Brief","BMN\2015\CRH-WijzigingOnkostenVergoeding(01-2015).pdf","CRH-WijzigingOnkostenVergoeding(01-2015)","Wijziging onkostenvergoeding ","2015-01-01"
"Verzekering","Overzicht","Verzekering\2014\Fin-Belasting-Jaaropgave2014(WHJ)(Loyalis).pdf","Fin-Belasting-Jaaropgave2014(WHJ)(Loyalis)","WHJ-Loyalis - jaaropgave 2014","2014-12-31"
"Willy","Overzicht","Willy\2014\Fin-Belasting-JaarOpgave2014(WHJ)(NHL).pdf","Fin-Belasting-JaarOpgave2014(WHJ)(NHL)","Jaaroverzicht inkomen NHL 2014","2014-12-31"
"Willy","Overzicht","Willy\2014\WHJ-ABP-Jaaroverzicht2014.pdf","WHJ-ABP-Jaaroverzicht2014","ABP - Jaaroverzicht 2014","2014-12-31"
"Willy","Recept","Willy\2015\Recept-RijstTafelMetVrienden(02-2015).pdf","Recept-RijstTafelMetVrienden(02-2015)","Rijsttafel met vrienden","2015-02-01"
"BMN","Overzicht","BMN\2014\CRH-Auto(7-XJS-70)Schade(11-12-2014).pdf","CRH-Auto(7-XJS-70)Schade(11-12-2014)","7-XJS-70 Schadeformulier","2014-12-11"
"Software","MindMap","Software\2014\Dev-Aant-HeadFirstPython(11-2014)MosleHof.pdf","Dev-Aant-HeadFirstPython(11-2014)MosleHof","Python - Head First Python - Moslehof","2014-11-01"
"Hardware","Schema","Hardware\2015\DEV-IrPad(SchakelingNAS(22-3-2015)).pdf","DEV-IrPad(SchakelingNAS(22-3-2015))","IrPad - NAS Schakeling via Raspberry Pi","2015-03-22"
"Auto","Factuur","Auto\2015\FAK-Auto(90-PV-DJ)Remmen(25-02-2015).pdf","FAK-Auto(90-PV-DJ)Remmen(25-02-2015)","90-PV-DJ -Remblokken vervangen","2015-02-25"
"Hardware","Factuur","Hardware\2014\FAK-Elektronica(WeIO)(13-12-2014).pdf","FAK-Elektronica(WeIO)(13-12-2014)","WEIO ","2014-12-13"
"Willy","Overzicht","Willy\2014\Fin-BEL-JaarOpgave2014(WHJ)(03-2015).pdf","Fin-BEL-JaarOpgave2014(WHJ)(03-2015)","WHJ - Alle jaaropgaves 2014","2014-12-31"
"Verzekering","Brief","Verzekering\2014\Fin-GdH-UitvaartPolis(Indexering(2015)12-2014.pdf","Fin-GdH-UitvaartPolis(Indexering(2015)12-2014","Ardanta - indexering uitvaartpolis","2014-12-01"
"Hypotheek","Overzicht","Hypotheek\2015\FIN-HYP-Hypotheken(CentraalBeheer)Overzicht2014.pdf","FIN-HYP-Hypotheken(CentraalBeheer)Overzicht2014","Cntraal beheer - jaaropgave 2014 20K Hyp","2015-02-01"
"Hypotheek","Overzicht","Hypotheek\2014\FIN-HYP-JaarOverzicht(WF2004729)70K.pdf","FIN-HYP-JaarOverzicht(WF2004729)70K","WF2004729 - Woonfonds - 70K jaaroverzicht 2014","2014-12-01"
"Hypotheek","Overzicht","Hypotheek\2015\FIN-HYP-JaarOverzicht2014(WF2004729)70K.pdf","FIN-HYP-JaarOverzicht2014(WF2004729)70K","WF002004749 Woonfonds 70K Jaaroverzicht2015","2015-02-01"
"Hypotheek","Overzicht","Hypotheek\2015\FIN-HYP-SpaarHypotheken(FBTO)Overzicht2014.pdf","FIN-HYP-SpaarHypotheken(FBTO)Overzicht2014","776262001 - FBTO - Overzicht 70K Spaartegoed","2015-02-03"
"Verzekering","Overzicht","Verzekering\2015\FIN-LevensVerzekering(30500215)Waarde(1-1-2014).pdf","FIN-LevensVerzekering(30500215)Waarde(1-1-2014)","30500215 - NN - Fiscale waarde per 1-1-2014","2015-01-30"
"Verzekering","Overzicht","Verzekering\2015\FIN-LevensVerzekering(ASR(D5150731)(02-2015).pdf","FIN-LevensVerzekering(ASR(D5150731)(02-2015)","5150731 - ASR - Fiscale opgave 2014","2015-02-01"
"Software","Bevestiging","Software\2015\IT-LicentieWindows81(64bit)8710W(02-2015).pdf","IT-LicentieWindows81(64bit)8710W(02-2015)","Windows81-64bit - Licentie","2015-02-01"
"LG73","Bevestiging","LG73\2015\LG73-EnergieLabel(02-2015).pdf","LG73-EnergieLabel(02-2015)","Energielabel - Voorlopig","2015-02-01"
"LG73","Factuur","LG73\2014\LG73-FactuurOnderhoud(remehaCalenta28C(DeelsBetaald)(05-12-2014).pdf","LG73-FactuurOnderhoud(remehaCalenta28C(DeelsBetaald)(05-12-2014)","Remeha Calenta28C Factuur - Deels betaald","2014-12-05"
"LG73","Schema","LG73\2015\LG73-OpmetenSchuur(01-2015).pdf","LG73-OpmetenSchuur(01-2015)","OPmeten oude schuur","2015-01-01"
"LG73","Schema","LG73\2015\LG73-Riool-OntluchtingDef(22-3-2015).pdf","LG73-Riool-OntluchtingDef(22-3-2015)","Riool - schets ontluchting DEF","2015-03-22"
"Belastingen","Factuur","Belastingen\2015\LG73-WaterSchapsBelasting+WOZ((01-2015).pdf","LG73-WaterSchapsBelasting+WOZ((01-2015)","WOZ waardebepaling WOZ","2015-02-28"
"Pensioen","Brief","Pensioen\2014\WRK-PensioenVeranderingPer(1-1-2015).pdf","WRK-PensioenVeranderingPer(1-1-2015)","Pensioenverandering per 1-1-2015","2014-12-01"
"Elektronica","Bevestiging","Elektronica\2015\DS1054Z(23-3-2015).pdf","DS1054Z(23-3-2015)","Rigol DS1054Z (Certificate of Calibration)","2015-03-23"
"BMN","Bevestiging","BMN\2015\CRH-Bonus(Resultaat2014)(03-2015).pdf","CRH-Bonus(Resultaat2014)(03-2015)","Bonus resultaat 2014","2015-03-01"
"Willy","Brief","Willy\2011\WHJ-CP(28-3-2015).pdf","WHJ-CP(28-3-2015)","MCL - Borger van der Burg aan A. Felder","2011-12-23"
"BMN","Overzicht","BMN\2012\CRH-LogistiekMT(8-3-2012)GM.pdf","CRH-LogistiekMT(8-3-2012)GM","Logistiek MT met Andre Jaspers","2012-03-08"
"Elektronica","Factuur","Elektronica\2015\DEV-EOO(Bestelling(22-2-2015)).pdf","DEV-EOO(Bestelling(22-2-2015))","EOO - MCP23008 etc","2015-02-22"
"Sparen","Overzicht","Sparen\2006\FIN(FinMutaties)Beleggingen(01-11-2006).pdf","FIN(FinMutaties)Beleggingen(01-11-2006)","Overzicht Beleggingen","2006-11-01"
"Geert","Nostalgie","Geert\2007\FIN(FinMutaties)Trouwen2006(16-02-2007).pdf","FIN(FinMutaties)Trouwen2006(16-02-2007)","Trouwen 2006 betaling Vlieland","2007-02-16"
"Geert","Overzicht","Geert\2005\FIN(FinMutaties)VasteRekening(08-06-2005).pdf","FIN(FinMutaties)VasteRekening(08-06-2005)","Postbank mutaties vaste rekening","2005-06-08"
"Geert","Overzicht","Geert\2006\FIN(FinMutaties)VasteRekening(11-10-2006).pdf","FIN(FinMutaties)VasteRekening(11-10-2006)","Postbank mutaties vaste rekening","2006-10-11"
"Geert","Overzicht","Geert\1995\FIN(PostbankCard)DubbeleBoeking)TimesWarner(19-09-1995).pdf","FIN(PostbankCard)DubbeleBoeking)TimesWarner(19-09-1995)","Postbankcard dubbele afboeking","1995-10-02"
"Gezondheid","Factuur","Gezondheid\2014\GEZ-Tandarts-KellBrick(06-11-2014).pdf","GEZ-Tandarts-KellBrick(06-11-2014)","Tandarts - Kelbrick Frame kunstgebit","2014-11-06"
"Pensioen","Overzicht","Pensioen\2017\IMG_20170824_0001.pdf","IMG_20170824_0001","CRH - UPO per 1-1-2017","2017-08-01"
"Hardware","Tijdschrift","Hardware\1992\DEV-Elektuur(uC-Special)1992.pdf","DEV-Elektuur(uC-Special)1992","Elektuur - uC-Special","1992-05-01"
"Hardware","Tijdschrift","Hardware\1986\DEV-Elektuur(Computing)-(Deel5).pdf","DEV-Elektuur(Computing)-(Deel5)","Elektuur Computing Deel 5","1986-01-01"
"LG73","Schema","LG73\2015\LG-Schuur-Tekening(Hiemstra)Paradyske(2-4-2015).pdf","LG-Schuur-Tekening(Hiemstra)Paradyske(2-4-2015)","Grote schuur - Schets Hiemstra","2015-02-02"
"Sparen","Overzicht","Sparen\2015\FIN-ASR-Spaarkas(5150731)(Saldo31-12-2014).pdf","FIN-ASR-Spaarkas(5150731)(Saldo31-12-2014)","5150731 - ASR - Saldo per 31-12-2014","2015-03-01"
"Apparaat","Gebruiksaanwijzing","Apparaat\2017\125444-an-01-ml-VOLTCRAFT_ENERGY_LOGGER_4000_EK_de_en_nl.pdf","125444-an-01-ml-VOLTCRAFT_ENERGY_LOGGER_4000_EK_de_en_nl","Voltcraft Energy Logger 4000","2017-08-24"
"Auto","Bevestiging","Auto\2017\AUTO-30-ZP-VH (mototrijtuigenbelasting).pdf","AUTO-30-ZP-VH (mototrijtuigenbelasting)","30-ZP-VH - Automatische incasso motorrijtuigenbelasting  137 / 3 maanden","2017-04-06"
"BMN","Formulier","BMN\2014\13519862-13SNN7-SchadeForm(15-8-2014).pdf","13519862-13SNN7-SchadeForm(15-8-2014)","13-SNN-7 Schadeformulier bumper","2014-08-15"
"BMN","Formulier","BMN\2014\14059739-13SNN7-SchadeForm(23-10-14).pdf","14059739-13SNN7-SchadeForm(23-10-14)","13-SNN-7 - Schadeformulier - Beschadiging dak","2014-10-23"
"LG73","Bevestiging","LG73\2014\20140825OfferteItParadyske(Getekend).pdf","20140825OfferteItParadyske(Getekend)","Schuur achterste tuin getekende offerte","2014-08-22"
"Software","Overzicht","Software\2014\AdobeAcrobat11(standard)(SerialNumber).pdf","AdobeAcrobat11(standard)(SerialNumber)","Adobe Acrobat 11 Licentienummers","2014-08-09"
"Elektronica","Schema","Elektronica\2014\DEV-iPadRemote-NAS(9-10-2014).pdf","DEV-iPadRemote-NAS(9-10-2014)","iPad Remote NAS aansturing","2014-10-09"
"Hypotheek","Bevestiging","Hypotheek\2014\Fin-Hyp-(200472902)(NieuweRente)(2-9-2014).pdf","Fin-Hyp-(200472902)(NieuweRente)(2-9-2014)","200472902 - Woonfonds - Bevestiging nieuwe rente","2014-09-02"
"Hypotheek","Brief","Hypotheek\2014\FIN-HYP-776262-(30-7-2014)(onterechteHerinnering).pdf","FIN-HYP-776262-(30-7-2014)(onterechteHerinnering)","76262 - Onterechte herinnering","2014-07-30"
"Hypotheek","Overzicht","Hypotheek\2014\FIN-Hyp-002004729-WijzigingMaandbedragen(22-9-2014).pdf","FIN-Hyp-002004729-WijzigingMaandbedragen(22-9-2014)","002004729 Woonfonds Wijziging maandbedragen","2014-09-22"
"Hypotheek","Overzicht","Hypotheek\2014\Fin-Hyp-CB131493209-00-Overzicht(12-2014).pdf","Fin-Hyp-CB131493209-00-Overzicht(12-2014)","CB131493209-00 Centraal Beheer 70K","2014-11-25"
"Hypotheek","Overzicht","Hypotheek\2014\Fin-Hyp-CB131495000-00-Overzicht(12-2014).pdf","Fin-Hyp-CB131495000-00-Overzicht(12-2014)","CB129030 - Overzicht 20K","2014-11-25"
"Pensioen","Overzicht","Pensioen\2014\FIN-Pensioen-UniformOverzicht(08-2014).pdf","FIN-Pensioen-UniformOverzicht(08-2014)","CRH - UPO 2014","2014-08-01"
"Verzekering","Factuur","Verzekering\2014\Fin-Unive-Verz-Brand-Inboedel(01-10-2014).pdf","Fin-Unive-Verz-Brand-Inboedel(01-10-2014)","Unive Brandverzekering","2014-10-01"
"Gezondheid","Factuur","Gezondheid\2014\GEZ-Tandarts-KiesGetrokken(07-10-2014).pdf","GEZ-Tandarts-KiesGetrokken(07-10-2014)","Tandarts Kelbrick - Kies getrokken","2014-10-18"
"BMN","MindMap","BMN\2014\Kroon-Opleidiingen-cb-Trade.pdf","Kroon-Opleidiingen-cb-Trade","Kroon opleidingen 2014","2014-09-16"
"BMN","Formulier","BMN\2014\WRK-Kroon-Aanschaf-AccesoiresElekGereedSchap(10-2014).pdf","WRK-Kroon-Aanschaf-AccesoiresElekGereedSchap(10-2014)","Kroon - afleverbon accessoires elektrich gereedschap","2014-10-03"
"Fokke","Schema","Fokke\2014\Peugeot-Vivacity(Bedradingsschema(8-2014)(AltijdEerstLampControleren)+Wisselspannng.pdf","Peugeot-Vivacity(Bedradingsschema(8-2014)(AltijdEerstLampControleren)+Wisselspannng","Peugeot Vivacity - Bedradingsschema - Ervarig : Eerst lamp controleren en het is Wisselspanning !","2014-08-01"
"BMN","Formulier","BMN\2013\Vak-Aanrijding(13-SNN-7)KarlsRuhe(09-08-2013).pdf","Vak-Aanrijding(13-SNN-7)KarlsRuhe(09-08-2013)","13-SNN-7 - Aanrijding Karlsruhe.","2013-08-09"
"Geert","Nostalgie","Geert\2014\SinterklaasGedichten2014.pdf","SinterklaasGedichten2014","Sinterklaas gedicht 2014","2014-12-05"
"Geert","Formulier","Geert\2014\Zippo-RepairForm.pdf","Zippo-RepairForm","Zippo - Repair form.","2014-10-21"
"Vakantie","Factuur","Vakantie\2014\VAK-Bonnen2014.pdf","VAK-Bonnen2014","Zomervakantie 2014 bonnetjes","2014-08-15"
"Verzekering","Brief","Verzekering\2014\VERZ-Ardanta-Indexering.pdf","VERZ-Ardanta-Indexering","Ardanta - Indexering","2014-12-01"
"IT-Alg","Bevestiging","IT-Alg\2005\ADSLInloggegevens.pdf","ADSLInloggegevens","Het net - ADSL inloggegevens","2005-07-28"
"Auto","Tijdschrift","Auto\2005\FiatCroma(Test autovisie07-2005).pdf","FiatCroma(Test autovisie07-2005)","Fiat Croma (Autovisie)","2005-07-21"
"BMN","Overzicht","BMN\2006\Loonopgave2005.pdf","Loonopgave2005","Jaaropgave NVB Bouwstoffen 2005","2006-01-01"
"IT-Alg","Folder","IT-Alg\1992\SkiltronicsCatalogus1992.pdf","SkiltronicsCatalogus1992","Skiltronics catalogus  ","1992-04-01"
"Software","Gebruiksaanwijzing","Software\1985\promcw97.pdf","promcw97","Trs80 C Compiler documentatie MISOSYS","1985-01-01"
